<songs>
	<track file="rollingstone.mp3"> 
		<title>Like A Rolling Stone</title>
		<artist>Bob Dylan</artist>
		<length>6:13</length>
		<year>1965</year>
		<label>Columbia</label>
		<cover>Bob_Dylan_-_Like_a_Rolling_Stone.jpg</cover>
	</track>
	<track> 
		<title>Satisfaction</title>
		<artist>The Rolling Stones</artist>
		<length>3:44</length>
		<year>1965</year>
		<label>London</label>
		<cover>Satisfaction-us.jpg</cover>
	</track>
	<track file="Imagine.mp3"> 
		<title>Imagine</title>
		<artist>John Lennon</artist>
		<length>3:03</length>
		<year>1971</year>
		<label>Apple</label>
		<cover>JohnlennonImagine.jpg</cover>
	</track>
	<track file="WhatsGoingOn.mp3"> 
		<title>What's Going On</title>
		<artist>Marvin Gaye</artist>
		<length>3:40</length>
		<year>1970</year>
		<label>Tamla</label>
		<cover>Whatsgoingonsingle.jpg</cover>
	</track>
	<track> 
		<title>Respect</title>
		<artist>Arethra Franklin</artist>
		<length>2:08</length>
		<year>1965</year>
		<label>Volt</label>
		<cover>ArethaRespect.jpg</cover>
	</track>
	<track file="Good_Vibrations.mp3"> 
		<title>Good Vibrations</title>
		<artist>The Beach Boys</artist>
		<length>3:39</length>
		<year>1966</year>
		<label>Capitol</label>
		<cover>Good_Vibrations_single.jpg</cover>
	</track>
	<track  file="Hey-Jude.mp3"> 
		<title>Hey Jude</title>
		<artist>The Beatles</artist>
		<length>7:11</length>
		<year>1968</year>
		<label>Apple</label>
		<cover>Hey_Jude_Beatles.jpg</cover>
	</track>
	<track file="smells-like-teen-spirit.mp3"> 
		<title>Smells Like Teen Spirit</title>
		<artist>Nirvana</artist>
		<length>4:30</length>
		<year>1991</year>
		<label>DGC</label>
		<cover>Smells_Like_Teen_Spirit.jpg</cover>
	</track>
	<track> 
		<title>What'd I Say</title>
		<artist>Ray Charles</artist>
		<length>6:30</length>
		<year>1959</year>
		<label>Atlantic</label>
		<cover>Whatdisaycharles.jpg</cover>
	</track>
</songs>